<?xml version="1.0" encoding="UTF-8"?><rss version="2.0"
	xmlns:content="http://purl.org/rss/1.0/modules/content/"
	xmlns:wfw="http://wellformedweb.org/CommentAPI/"
	xmlns:dc="http://purl.org/dc/elements/1.1/"
	xmlns:atom="http://www.w3.org/2005/Atom"
	xmlns:sy="http://purl.org/rss/1.0/modules/syndication/"
	xmlns:slash="http://purl.org/rss/1.0/modules/slash/"
	>

<channel>
	<title>Uncategorized &#8211; Infromasi cara merawat rambut yang bermasalah</title>
	<atom:link href="./index.html" rel="self" type="application/rss+xml" />
	<link>./../../../../index.html</link>
	<description></description>
	<lastBuildDate>Sun, 17 Dec 2023 06:05:31 +0000</lastBuildDate>
	<language>en-US</language>
	<sy:updatePeriod>
	hourly	</sy:updatePeriod>
	<sy:updateFrequency>
	1	</sy:updateFrequency>
	<generator>https://wordpress.org/?v=6.4.2</generator>
	<item>
		<title>Tips Merawat Rambut Rontok,Berketombe,Bercabang Dan Kering</title>
		<link>./../../../2023/12/15/tips-merawat-rambut-rontokberketombebercabang-dan-kering/index.html</link>
					<comments>./../../../2023/12/15/tips-merawat-rambut-rontokberketombebercabang-dan-kering/index.html#respond</comments>
		
		<dc:creator><![CDATA[Healthyhair]]></dc:creator>
		<pubDate>Fri, 15 Dec 2023 06:50:57 +0000</pubDate>
				<category><![CDATA[Uncategorized]]></category>
		<guid isPermaLink="false">./../../../../index.html?p=9</guid>

					<description><![CDATA[Rambut yang sehat, kuat dan lembut tentunya menjadi dambaan hampir setiap orang, khususnya kaum hawa. Sebab, rambut merupakan bagian tubuh yang dapat meningkatkan rasa kepercayaan diri dan menunjang penampilan. Sayangnya, rutinitas dan aktivitas yang padat, polusi, serta kurangnya perawatan rambut &#8230; <a href="./../../../2023/12/15/tips-merawat-rambut-rontokberketombebercabang-dan-kering/index.html">Continue reading <span class="meta-nav">&#8594;</span></a>]]></description>
										<content:encoded><![CDATA[
<p>Rambut yang sehat, kuat dan lembut tentunya menjadi dambaan hampir setiap orang, khususnya kaum hawa. Sebab, rambut merupakan bagian tubuh yang dapat meningkatkan rasa kepercayaan diri dan menunjang penampilan. Sayangnya, rutinitas dan aktivitas yang padat, polusi, serta kurangnya perawatan rambut dapat membuat rambutmu rontok atau kering.Namun, tidak perlu khawatir, karena ada beberapa cara yang dapat dilakukan sebagai perawatan rambut agar tetap sehat, kuat dan lembut.</p>



<p><strong>RAMBUT RONTOK</strong></p>



<figure class="wp-block-image size-full is-resized"><img fetchpriority="high" decoding="async" width="650" height="433" src="./../../../../wp-content/uploads/2023/12/WhatsApp-Image-2023-12-12-at-22.07.05.jpeg" alt="" class="wp-image-10" style="width:348px;height:auto"/></figure>



<p>Rambut rontok atau alopecia dapat memengaruhi kulit kepala dan seluruh tubuh. Sifatnya bisa sementara atau permanen, dan umumnya terjadi pada rambut area kepala. Supaya tidak berujung pada kebotakan, kamu harus tahu cara mengatasi dan merawat rambut rontok yang tepat.Rambut rontok adalah gangguan kesehatan yang bisa terjadi karena banyak faktor. Mulai dari keturunan, perubahan hormon, kondisi medis, atau bagian normal dari penuaan. Risiko masalah ini lebih rentan terjadi pada pria ketimbang wanita.Jika bukan terjadi karena penyakit, cara merawat rambut rontok dapat menggunakan beberapa bahan alami.                                                                                                                   </p>



<p>Penyebab :</p>



<ol>
<li>Kurangnya asupan gizi,Asupan gizi yang kurang baik menyebabkan helai rambut yang tumbuh menjadi lebih tipis dan rapuh, sehingga rambut lebih mudah rontok.</li>



<li>Perubahan hormon dan pengaruh obatan</li>



<li>Pengaruh Paikologis,Kondisi psikologis, seperti stres, depresi, atau tekanan fisik yang berat, misalnya setelah menjalani operasi besar atau sehabis melahirkan akan menyebabkan rambut rontok.</li>



<li>Sering mengganti produk rambut,Kondisi ini terjadi karena berbagai bahan kimia yang terkandung dalam sampo dan terserap ke dalam rambut.</li>
</ol>



<p>Cara Merawat rambut rontok dengan bahan alami</p>



<ol>
<li>Lidah buaya<br>Lidah buaya terkenal akan manfaatnya untuk bantu menyuburkan dan meningkatkan pertumbuhan rambut. Manfaat itu berkat kandungan vitamin A, D, serta zat besi dan protein pada tanaman tersebut.<br>Caranya, oleskan gel lidah buaya secara merata pada rambut dan kulit kepala. Lalu biarkan selama 15 menit dan bilas dengan air hangat sampai bersih.</li>



<li>Minyak zaitun<br>Cara merawat rambut rontok juga bisa menggunakan minyak zaitun. Minyak satu ini mengandung vitamin A, C, D, E, dan K serta zat besi dan kalsium yang dapat mengurangi rambut rontok.<br>Caranya, oleskan minyak zaitun pada kulit kepala dan rambut secara merata dan pijat dengan lembut. Biarkan selama 30 menit dan bilas dengan air bersih.</li>



<li>Alpukat<br>Alpukat adalah makanan sehat yang mengandung protein alami. Nutrisi tersebut dapat membantu meningkatkan kesehatan kulit kepala.<br>Caranya, hancurkan satu buah alpukat dan usapkan pada rambut serta kulit kepala. Pijat secara perlahan dan biarkan selama 15 sampai 20 menit. Lalu bilas dengan air bersih.</li>



<li>Yoghurt<br>Kandungan kalsium, vitamin D, kalium dan protein yang terdapat pada yoghurt dapat memberi nutrisi dan membantu menguatkan akar rambut.<br>Caranya oleskan yoghurt tawar ke seluruh permukaan rambut dan berikan pijatan lembut. Lalu, biarkan selama 5 menit dan bilas dengan air bersih.</li>



<li>Teh hijau<br>Teh hijau mengandung epigallocatechin-3-gallate (EGCG) yang dapat meningkatkan pertumbuhan rambut.<br>Caranya, seduh 2 kantong teh hijau dalam secangkir air. Biarkan sampai dingin dan oleskan ke seluruh rambut serta kulit kepala. Biarkan selama 60 menit dan bilas dengan air bersih.</li>
</ol>



<p>Selain menggunakan bahan alami sebagai cara mengatasi rambut rontok tadi, kamu juga perlu melakukan beberapa langkah berikut untuk mencegah kerontokan rambut:</p>



<ul>
<li>Hindari mengikat rambut terlalu kencang.</li>



<li>Hentikan kebiasaan menarik dan memelintir rambut.</li>



<li>Tidak menggosok rambut terlalu kencang saat keramas.</li>



<li>Hindari menggaruk kulit kepala menggunakan kuku.</li>



<li>Gunakan sisir bergigi jarang.</li>



<li>Mengonsumsi makanan sehat dengan kandungan protein yang tinggi, seperti ikan, telur, kacang-kacangan, susu, ubi, bayam, dan brokoli.</li>
</ul>



<p><strong>RAMBUT BERKETOMBE</strong></p>



<figure class="wp-block-image size-full is-resized"><img decoding="async" width="650" height="433" src="./../../../../wp-content/uploads/2023/12/WhatsApp-Image-2023-12-12-at-22.16.22.jpeg" alt="" class="wp-image-11" style="width:461px;height:auto"/></figure>



<p>Ketombe adalah masalah kulit kepala yang kerap mengganggu aktivitas sehari-hari penderitanya. Selain dapat menurunkan rasa percaya diri, ketombe juga dapat menimbulkan rasa gatal berlebihan yang bisa membuat penderitanya merasa tidak nyaman. Untuk mengatasi hal tersebut, terdapat sejumlah cara menghilangkan ketombe secara alami dan secara medis yang bisa diterapkan.<br>Penyebab :</p>



<ol>
<li>Ragi atau jamur yang menggunakan minyak dikulit kepala</li>



<li>Kulit kepala kering</li>



<li>Dermatitis kontak</li>



<li>Jarang keramas</li>
</ol>



<p>Cara merawat rambut berketombe dengan bahan alami :</p>



<ol>
<li>Minyak kelapa<br>Cara menghilangkan ketombe secara alami yang pertama adalah dengan memanfaatkan minyak kelapa untuk dijadikan masker rambut. Pasalnya, minyak kelapa mengandung senyawa yang mampu melembapkan serta mencegah kulit kepala kering.Bahkan, minyak kelapa juga mengandung senyawa yang bersifat antimikroba dan antijamur sehingga mampu melawan berbagai kuman patogen penyebab ketombe.<br>Untuk mengatasi ketombe, tuangkan 3–5 sendok teh minyak kelapa pada kulit kepala dan pijat secara perlahan. Diamkan selama 1–2 jam, lalu keramas menggunakan sampo seperti biasa.</li>



<li>Minyak zaitun<br>Minyak zaitun juga menjadi salah satu cara alami menghilangkan ketombe karena dapat membantu melembapkan serta mengurangi pengelupasan kulit kepala.<br>Untuk menggunakannya, oleskan minyak zaitun pada kulit kepala secara merata, lalu gunakan penutup kepala dan diamkan selama satu malam. Pada pagi harinya, keramaslah menggunakan sampo untuk membersihkan sisa minyak zaitun yang menempel pada rambut dan kulit kepala.</li>



<li>Gel lidah buaya<br>Gel lidah buaya mengandung senyawa yang bersifat antijamur dan antiradang sehingga mampu mengatasi jamur dan peradangan pada kulit kepala yang kerap memicu munculnya ketombe. Selain itu, bahan alami ini juga mampu meredakan rasa gatal sekaligus menguatkan akar rambut.</li>



<li>Masker pisang<br>Buah pisang dipercaya mampu melembapkan serta mencegah kulit kepala kering yang dapat memicu munculnya ketombe. Cara menggunakannya pun terbilang praktis, cukup lumatkan satu buah pisang dan aplikasikan secara merata pada rambut serta kulit kepala. Diamkan selama satu jam, lalu bilas menggunakan air hangat.</li>



<li>Lemon/jeruk nipis<br>Cara mengatasi ketombe berikutnya adalah dengan menggunakan perasan air lemon atau jeruk nipis. Sebab, lemon dan jeruk nipis mengandung berbagai macam nutrisi yang mampu membasmi ketombe serta mengoptimalkan pertumbuhan akar rambut, seperti vitamin C, flavonoid, asam sitrat, magnesium, dan lain sebagainya.<br>Selain memanfaatkan bahan-bahan alami untuk dijadikan masker rambut, cara menghilangkan ketombe juga dapat dilakukan dengan menerapkan pola hidup sehat sebaik mungkin, seperti:</li>
</ol>



<ul>
<li>Mengelola dan mengatasi stres dengan baik. Sebab, stres dapat menurunkan daya tahan tubuh sehingga turut meningkatkan risiko terjadinya infeksi jamur penyebab ketombe. Stres berlebih juga bisa memicu munculnya gejala dermatitis seboroik yang menjadi salah satu penyebab umum ketombe.</li>



<li>Mengonsumsi makanan sehat dengan gizi seimbang untuk menjaga daya tahan tubuh. Selain itu, mengonsumsi makanan yang mengandung zinc, vitamin B kompleks, dan asam lemak omega-3 dipercaya mampu mengurangi peradangan dan iritasi pada kulit kepala berketombe.</li>



<li>Mengonsumsi makanan atau minuman probiotik, seperti yogurt, tempe, dan kefir, untuk membantu meningkatkan daya tahan tubuh agar dapat melawan infeksi jamur penyebab ketombe.</li>
</ul>



<p><strong>RAMBUT BERCABANG DAN KERING</strong></p>



<figure class="wp-block-image size-full is-resized"><img decoding="async" width="1200" height="800" src="./../../../../wp-content/uploads/2023/12/WhatsApp-Image-2023-12-12-at-22.22.42.jpeg" alt="" class="wp-image-12" style="width:393px;height:auto"/></figure>



<p>Banyak orang menghadapi masalah rambut kering dn bercabang. Masalah ini terjadi ketika kulit kepala tidak menghasilkan minyak alami yang cukup untuk melembabkan helai rambut.<br>Penyebab :</p>



<ol>
<li>Kekurangan vitamin dan protein.</li>



<li>Menggunakan alat pengering dan penata gaya (pengering,pengeriting rambut, rol listrik, pelurus rambut) pada pengaturan panas yang terlalu tinggi.<br>3.Terlalu sering menggunakan alat penata rambut yang panas. 4.<br>4.Kondisi iklim yang sangat dingin atau panas.<br>5.Berenang di air yang mengandung klorin.</li>
</ol>



<p>Cara merawat dan mengatasi rambut bercabang dan kering :</p>



<ol>
<li>Kurangi frekuensi keramas<br>jarang keramas akan membantu menjaga minyak alami di kulit kepala dan menjaga kelembapan rambut. Bagi penderita rambut kering dan bercabang, lakukan keramas setiap 5-7 hari sekali agar minyak alami rambut dapat tertahan di kulit kepala.</li>



<li>Potong rambut<br>Rambut kering dan bercabang mungkin perlu ditata ulang dengan memotongnya. Rambut bercabang tidak dapat diperbaiki. Satu-satunya cara yang dapat diandalkan untuk mengatasinya adalah memotongnya. Tren terbaru untuk menghilangkan ujung bercabang adalah proses yang disebut velaterapia, juga dikenal sebagai “pemotongan lilin”.</li>



<li>Gunakan minyak argen<br>Minyak argan kaya akan vitamin E yang memberikan lapisan lemak pada rambut dan kulit kepala, sehingga dapat membantu mengatasi rambut kering, meningkatkan kilau, dan mencegah rambut bercabang.Minyak argan bekerja paling baik pada rambut basah. Teteskan minyak argan pada tangan, gosokkan kedua telapak tangan dan sisir jari-jari pada helaian rambut. Pastikan untuk memijatnya ke kulit kepala untuk mendapatkan manfaat maksimal.</li>



<li>Pakai kondisioner<br>Kondisioner memiliki alkohol berlemak, humektan, dan minyak untuk membuat rambut lembut dan fleksibel. Beberapa produk kondisioner memiliki protein untuk mengikat sementara ujung rambut bercaban. Ada pula kondisioner yang memiliki zat pengental untuk membuat rambut terasa lebih tebal. Untuk rambut kering, gunakan memakai kondisioner lalu tutup kepala dengan showercap. Biarkan selama 15 menit, lalu bilas.</li>



<li>Konsumsi omega3 dan antioksidan<br>Omega-3 memelihara rambut dari folikel. Akibatnya, sifat anti-inflamasi dari asam lemak ini dapat membantu menenangkan dan melembabkan kulit kepala yang kering dan teriritasi, sehingga dapat membantu mencegah kerapuhan rambut. Mengkonsumsi suplemen omega-3 dan antioksidan membantu meningkatkan kepadatan dan diameter rambut serta mengurangi kerontokan rambut. Beberapa makanan yang mengandung omega-3 yaitu ikan salmon, tiram, mackerel, tuna, dan sarden.</li>
</ol>
]]></content:encoded>
					
					<wfw:commentRss>./../../../2023/12/15/tips-merawat-rambut-rontokberketombebercabang-dan-kering/feed/index.html</wfw:commentRss>
			<slash:comments>0</slash:comments>
		
		
			</item>
		<item>
		<title>Cara mengatasi rambut bermasalah</title>
		<link>./../../../2023/12/15/hello-world/index.html</link>
					<comments>./../../../2023/12/15/hello-world/index.html#comments</comments>
		
		<dc:creator><![CDATA[Healthyhair]]></dc:creator>
		<pubDate>Fri, 15 Dec 2023 06:21:44 +0000</pubDate>
				<category><![CDATA[Uncategorized]]></category>
		<guid isPermaLink="false">./../../../../index.html?p=1</guid>

					<description><![CDATA[Welcome to WordPress. This is your first post. Edit or delete it, then start writing!]]></description>
										<content:encoded><![CDATA[
<p>Welcome to WordPress. This is your first post. Edit or delete it, then start writing!</p>
]]></content:encoded>
					
					<wfw:commentRss>./../../../2023/12/15/hello-world/feed/index.html</wfw:commentRss>
			<slash:comments>1</slash:comments>
		
		
			</item>
	</channel>
</rss>
